gameid,time,roundNum,subA,subB,subC,subD,subE,subF,subG,subH,subI,subJ,subK,subL,trueA,trueB,trueC,trueD,trueE,trueF,trueG,trueH,trueI,trueJ,trueK,trueL,score
0955-2,1459974516792,1,2,10,3,1,9,5,12,8,4,11,6,7,2,6,3,7,9,12,5,8,4,11,10,1,6
0955-2,1459974685595,2,6,8,9,3,7,4,1,11,5,12,10,2,6,1,9,3,7,4,8,11,5,12,10,2,10
0955-2,1459974829179,3,10,7,9,4,1,2,3,8,5,11,6,12,10,6,9,4,1,2,7,8,5,11,3,12,9
0955-2,1459974922593,4,11,3,10,1,5,8,12,6,2,4,7,9,11,3,10,1,5,8,9,6,2,4,12,7,9
0955-2,1459975016979,5,3,5,9,11,1,6,12,10,8,7,4,2,8,5,9,11,1,6,4,10,3,7,12,2,8
0955-2,1459975157390,6,7,9,4,6,2,12,10,3,11,5,8,1,7,9,4,6,2,12,10,3,11,5,8,1,12
4459-4,1459974907916,1,2,4,5,7,8,12,9,3,1,10,6,11,11,6,5,7,8,12,2,9,1,10,4,3,6
4459-4,1459975262488,2,4,11,12,3,7,2,1,10,9,8,6,5,1,11,12,3,7,2,4,10,9,8,6,5,10
4459-4,1459975411971,3,3,7,1,6,11,10,9,5,8,4,2,12,3,7,1,6,11,10,9,5,8,4,2,12,12
4459-4,1459975524790,4,1,4,11,2,5,10,3,9,6,12,8,7,1,4,11,2,5,10,3,9,6,12,8,7,12
4459-4,1459975658700,5,2,9,3,11,4,10,5,8,1,6,12,7,2,9,3,11,4,10,5,8,1,6,12,7,12
4459-4,1459975745171,6,12,6,3,8,2,7,5,10,1,4,9,11,12,6,3,8,2,7,5,10,1,4,9,11,12
4895-5,1459975215389,1,7,9,1,11,12,8,4,6,2,10,3,5,7,9,1,11,12,8,4,10,2,3,5,6,8
4895-5,1459975507869,2,12,11,5,4,6,7,1,3,2,8,10,9,12,6,1,4,3,7,5,8,2,9,10,11,5
4895-5,1459975860924,3,5,9,4,2,11,8,1,12,6,7,3,10,5,9,4,2,11,8,1,7,6,10,3,12,9
4895-5,1459976106397,4,9,10,3,7,5,2,11,12,8,6,4,1,9,10,3,7,5,2,11,6,8,1,4,12,9
4895-5,1459976106483,5,9,10,3,7,5,2,11,12,8,6,4,1,10,11,8,2,1,7,9,6,3,5,12,4,0
4895-5,1459976320836,6,12,9,3,5,1,11,6,2,10,8,4,7,12,9,3,5,1,11,6,2,10,8,4,7,12
5273-c,1459975656385,1,11,10,8,1,5,12,7,6,3,4,9,2,11,10,8,1,5,12,7,6,3,4,9,2,12
5273-c,1459975883332,2,10,3,7,8,12,11,6,2,9,4,5,1,10,3,7,8,12,11,6,2,9,4,1,5,10
5273-c,1459976179854,3,3,6,10,5,12,9,1,8,4,7,11,2,3,6,10,5,12,9,11,8,4,7,1,2,10
5273-c,1459976605374,4,12,9,8,6,4,3,2,7,11,5,1,10,12,9,8,6,4,3,2,7,11,5,1,10,12
5273-c,1459976787141,5,11,12,2,4,8,10,6,5,3,1,7,9,11,12,2,4,8,10,7,5,3,1,6,9,10
5273-c,1459976974953,6,11,2,7,5,3,10,4,9,1,8,12,6,11,2,7,5,3,10,4,9,1,8,12,6,12
9475-3,1459976528591,1,8,4,7,1,12,3,11,9,6,10,5,2,8,4,7,1,12,3,11,9,6,10,5,2,12
9475-3,1459976869414,2,10,6,3,12,2,5,9,8,11,7,4,1,10,4,3,12,2,5,9,8,11,6,1,7,8
9475-3,1459977163302,3,6,12,7,5,2,3,11,1,4,8,9,10,6,12,7,5,2,3,11,1,4,8,9,10,12
9475-3,1459977405768,4,1,7,12,3,6,8,10,9,5,4,11,2,1,7,12,3,6,8,10,9,5,4,11,2,12
9475-3,1459977543447,5,5,6,8,1,10,11,7,4,12,2,9,3,5,6,8,1,10,11,7,4,12,2,9,3,12
9475-3,1459977652927,6,9,6,7,12,3,11,4,5,10,8,2,1,9,6,7,12,3,11,4,5,10,8,2,1,12
9917-f,1459977599320,1,2,5,7,11,12,6,10,4,9,3,8,1,2,5,7,9,12,6,11,4,3,10,8,1,8
9917-f,1459977940214,2,12,2,3,7,11,5,10,1,4,9,6,8,12,10,3,2,11,5,9,1,4,7,6,8,8
9917-f,1459978246850,3,8,3,5,7,10,12,2,1,4,6,9,11,8,3,5,7,10,12,2,1,4,6,9,11,12
9917-f,1459978403211,4,8,7,6,5,4,12,2,1,10,11,9,3,8,7,6,5,4,12,2,1,10,11,9,3,12
9917-f,1459978513100,5,12,1,10,5,4,11,2,3,8,6,9,7,12,1,10,5,4,11,2,3,8,6,9,7,12
9917-f,1459978615737,6,5,4,12,1,9,8,2,6,7,10,3,11,5,4,12,1,9,8,2,6,7,10,3,11,12
8657-3,1459977385218,1,9,8,2,1,11,10,6,4,7,12,5,3,6,5,2,1,11,10,9,4,7,8,3,12,6
8657-3,1459977494706,2,2,12,10,6,11,7,1,9,5,3,4,8,2,12,11,6,1,7,10,9,5,3,8,4,7
8657-3,1459977635699,3,1,8,9,12,4,6,5,2,3,7,11,10,1,11,4,12,5,6,9,2,3,7,10,8,6
8657-3,1459977751450,4,8,3,6,12,5,2,4,10,7,1,9,11,3,10,8,12,4,2,6,11,7,1,5,9,4
8657-3,1459977818900,5,7,5,8,12,6,1,2,11,9,10,4,3,7,2,3,12,8,1,10,11,9,6,5,4,5
8657-3,1459977928808,6,2,11,10,9,3,1,6,8,7,4,12,5,6,12,10,9,3,2,7,8,11,4,5,1,5
3622-6,1459977833467,1,7,2,5,8,12,3,6,10,1,9,11,4,7,2,5,8,12,3,6,10,1,9,11,4,12
3622-6,1459977968811,2,12,11,8,6,5,1,4,2,9,7,3,10,12,11,8,6,5,1,4,2,9,7,3,10,12
3622-6,1459978132399,3,1,8,2,11,9,12,5,7,10,4,3,6,1,8,2,11,9,12,5,7,10,4,3,6,12
3622-6,1459978277568,4,3,11,5,10,2,4,1,6,12,9,7,8,3,11,5,10,2,4,1,6,12,9,7,8,12
3622-6,1459978344374,5,2,10,1,8,4,9,5,6,12,7,11,3,2,10,1,8,4,9,5,6,12,7,11,3,12
3622-6,1459978399620,6,2,8,3,4,11,12,5,6,10,9,7,1,2,8,3,4,11,12,5,6,10,9,7,1,12
3825-d,1459978906722,1,5,8,6,4,11,2,10,7,1,3,12,9,5,8,6,4,11,2,10,7,1,3,12,9,12
3825-d,1459979241333,2,5,4,9,12,3,10,2,8,7,6,11,1,5,4,9,12,3,10,2,8,7,6,11,1,12
3825-d,1459979426152,3,4,3,10,6,12,5,2,7,9,8,1,11,4,3,10,6,12,5,2,7,9,8,1,11,12
3825-d,1459979550092,4,1,9,3,11,6,5,8,12,4,7,10,2,1,9,3,11,6,5,8,12,4,7,10,2,12
3825-d,1459979660958,5,7,12,5,10,8,4,11,2,9,3,6,1,7,12,5,10,8,4,11,2,9,3,6,1,12
3825-d,1459979774021,6,11,2,3,4,5,6,8,9,1,12,7,10,11,2,3,4,5,6,8,9,1,12,7,10,12
6050-b,1459979522321,1,6,9,4,10,12,8,1,3,2,11,7,5,6,5,4,10,12,8,1,3,2,11,9,7,9
6050-b,1459980179030,2,2,11,4,8,1,7,10,3,6,12,5,9,12,11,4,2,1,7,10,3,6,8,5,9,9
6050-b,1459980622407,3,6,11,4,1,2,8,3,9,10,7,12,5,7,11,4,6,2,8,3,9,10,1,12,5,9
6050-b,1459980852002,4,4,12,9,3,7,1,10,6,11,5,8,2,5,12,9,4,7,1,10,6,11,3,8,2,9
6050-b,1459980968973,5,1,8,4,11,5,10,9,6,2,3,12,7,3,8,4,1,5,10,9,6,2,11,12,7,9
6050-b,1459981155259,6,1,3,6,8,2,7,10,12,11,9,5,4,9,1,6,3,2,7,10,12,11,8,5,4,8
5436-e,1459979558365,1,8,12,6,9,7,5,10,1,3,11,2,4,8,5,6,9,7,12,10,1,3,11,2,4,10
5436-e,1459979781757,2,1,10,3,4,12,6,9,2,8,7,11,5,1,6,3,4,12,10,9,2,8,7,11,5,10
5436-e,1459980000458,3,6,4,1,8,12,10,3,9,11,7,2,5,6,10,1,8,12,4,3,9,11,7,2,5,10
5436-e,1459980255861,4,10,4,2,6,5,9,1,8,12,11,7,3,10,9,2,6,5,4,1,8,12,11,7,3,10
5436-e,1459980451599,5,10,12,4,11,7,8,6,1,9,3,2,5,10,8,4,11,7,1,6,5,9,3,2,12,8
5436-e,1459980585663,6,12,10,3,9,6,1,2,11,5,4,7,8,12,1,3,9,6,10,2,11,5,4,7,8,10
2699-6,1459979634142,1,12,4,2,6,11,5,10,8,9,1,7,3,12,4,2,6,11,5,10,8,9,1,7,3,12
2699-6,1459980258197,2,12,8,10,9,2,3,7,5,11,6,4,1,12,8,10,9,2,3,7,5,11,6,1,4,10
2699-6,1459980544209,3,3,6,5,11,12,2,9,10,1,7,8,4,3,6,5,11,12,2,9,4,1,7,8,10,10
2699-6,1459980730016,4,2,9,5,1,12,6,4,11,10,3,8,7,2,9,5,1,12,6,4,11,10,3,7,8,10
2699-6,1459980938982,5,5,1,6,4,10,3,2,8,9,7,11,12,5,1,6,4,10,3,2,8,9,7,12,11,10
2699-6,1459981070646,6,11,4,6,10,7,12,5,3,2,8,9,1,11,5,6,10,7,12,4,3,2,8,1,9,8
4862-d,1459979710807,1,3,4,8,1,9,6,2,10,7,5,12,11,3,11,8,1,4,6,2,10,7,5,9,12,8
4862-d,1459980196477,2,3,6,1,10,5,7,12,2,9,8,11,4,3,12,1,10,5,7,11,2,9,8,6,4,9
4862-d,1459980515172,3,7,6,5,8,4,11,10,3,1,9,12,2,7,10,5,4,6,11,8,3,1,9,2,12,6
4862-d,1459980783668,4,1,10,2,5,8,4,6,12,9,3,11,7,1,5,2,8,10,4,7,12,9,3,6,11,6
4862-d,1459981006208,5,5,2,7,6,11,12,9,1,4,8,3,10,5,9,7,3,2,12,6,1,4,8,11,10,7
4862-d,1459981166787,6,3,4,5,7,8,11,2,9,10,1,12,6,3,2,5,6,4,11,8,9,10,1,12,7,7
1447-6,1459979807976,1,8,11,10,4,6,3,12,2,9,7,1,5,9,11,10,4,6,3,12,2,8,7,1,5,10
1447-6,1459980060284,2,2,6,7,10,4,11,12,8,3,5,9,1,2,6,7,10,4,11,12,8,3,5,9,1,12
1447-6,1459980195385,3,2,11,6,1,10,9,12,3,4,7,8,5,12,11,6,1,10,9,2,3,4,7,5,8,8
1447-6,1459980339471,4,1,8,4,3,12,11,10,9,7,2,5,6,10,8,4,3,12,11,1,9,7,2,5,6,10
1447-6,1459980512424,5,10,9,6,8,3,12,4,1,11,5,7,2,4,9,6,8,3,12,10,1,11,5,7,2,10
1447-6,1459980698375,6,1,11,4,12,8,3,6,5,2,10,9,7,1,11,4,12,8,3,6,5,2,10,9,7,12
4396-5,1459981059241,1,7,9,8,4,12,11,10,2,6,1,5,3,7,9,8,4,12,11,10,2,6,1,5,3,12
4396-5,1459981371166,2,9,11,1,5,8,7,2,3,12,4,6,10,9,11,1,5,8,7,2,3,12,4,6,10,12
4396-5,1459981619365,3,10,12,4,8,11,7,5,1,6,2,3,9,10,12,4,8,11,7,5,1,6,2,3,9,12
4396-5,1459981820955,4,8,1,2,3,6,7,5,10,9,11,4,12,8,1,2,3,6,7,5,10,9,11,4,12,12
4396-5,1459982005714,5,10,5,11,4,12,6,2,1,8,3,7,9,10,5,11,4,12,6,2,1,8,3,7,9,12
4396-5,1459982161856,6,10,8,3,2,1,11,5,7,9,6,4,12,10,8,3,2,1,11,5,7,9,6,4,12,12
6212-1,1459981225528,1,3,1,6,7,9,2,12,11,8,4,10,5,3,1,6,7,9,2,12,5,8,4,11,10,9
6212-1,1459981945736,2,3,12,2,4,1,7,8,10,6,5,11,9,3,11,2,4,1,7,8,10,6,5,12,9,10
6212-1,1459982405085,3,11,9,12,7,10,5,6,4,2,1,3,8,11,9,12,7,10,5,6,4,2,1,3,8,12
6212-1,1459982649341,4,6,3,8,10,11,4,1,7,2,12,9,5,6,3,8,10,11,4,1,7,2,12,9,5,12
6212-1,1459982851075,5,5,12,6,2,8,7,9,11,10,4,3,1,5,12,6,2,8,7,9,11,10,4,3,1,12
6212-1,1459983029237,6,7,3,11,9,6,8,4,2,5,10,1,12,7,3,11,9,6,8,4,2,5,10,1,12,12
9976-4,1459981010254,1,10,4,8,3,11,1,2,9,7,12,5,6,10,2,8,9,11,1,4,5,7,12,3,6,7
9976-4,1459981274864,2,8,11,9,10,7,2,6,4,3,12,5,1,3,11,9,10,7,2,6,12,8,5,4,1,7
9976-4,1459982241697,3,10,5,4,8,7,11,3,9,2,1,6,12,10,9,4,8,7,5,3,1,2,12,11,6,6
9976-4,1459982583816,4,3,5,1,4,10,11,7,12,6,2,8,9,3,5,1,4,10,11,7,2,6,8,12,9,9
9976-4,1459982822750,5,6,8,7,9,5,12,1,11,4,10,2,3,6,8,7,9,5,12,1,2,4,10,11,3,10
9976-4,1459983069127,6,11,8,5,12,10,2,9,4,6,3,7,1,11,9,5,12,10,2,8,4,6,3,7,1,10
8085-3,1459980887951,1,10,3,5,9,8,11,4,7,2,12,1,6,11,6,5,8,2,1,4,7,12,9,10,3,3
8085-3,1459981298969,2,1,6,9,5,3,8,4,7,2,10,12,11,1,6,9,5,3,8,4,7,2,10,12,11,12
8085-3,1459981521781,3,12,10,3,1,5,7,4,9,6,8,2,11,12,10,3,1,5,7,4,9,6,8,2,11,12
8085-3,1459981687465,4,9,8,11,5,2,4,7,6,12,1,10,3,9,8,11,5,2,4,7,6,12,1,10,3,12
8085-3,1459981792946,5,7,2,9,3,10,11,5,12,6,4,1,8,7,2,9,3,10,11,5,12,6,4,1,8,12
8085-3,1459981908532,6,3,4,7,9,6,2,5,10,8,1,12,11,3,4,7,9,6,2,5,10,8,1,12,11,12
0604-1,1459981305717,1,7,1,4,5,2,11,6,3,10,8,9,12,7,1,4,5,2,11,6,3,10,8,9,12,12
0604-1,1459981609238,2,4,6,7,1,3,11,9,8,12,5,10,2,4,6,7,1,3,11,9,2,12,5,8,10,9
0604-1,1459981895900,3,6,9,10,4,5,11,12,7,2,3,8,1,6,9,10,4,5,11,12,7,2,3,1,8,10
0604-1,1459982136270,4,2,5,3,12,7,6,11,9,8,4,1,10,2,5,3,12,7,6,11,9,8,4,1,10,12
0604-1,1459982252971,5,2,1,4,8,9,7,10,12,5,3,6,11,2,1,4,8,9,7,10,12,5,3,11,6,10
0604-1,1459982409407,6,5,4,9,3,1,2,11,7,12,8,10,6,5,4,9,3,1,2,11,7,12,8,10,6,12
0261-2,1459981622971,1,10,12,5,7,8,1,4,6,9,3,11,2,10,12,5,7,8,1,4,6,9,3,11,2,12
0261-2,1459982056350,2,9,2,4,11,6,12,10,3,1,8,5,7,9,2,4,11,6,12,10,3,1,8,5,7,12
0261-2,1459982346627,3,6,1,9,7,10,5,8,4,2,12,3,11,6,1,9,7,10,5,8,4,2,12,3,11,12
0261-2,1459982545331,4,6,11,5,10,12,9,1,4,8,3,7,2,6,11,5,10,12,9,1,4,8,3,7,2,12
0261-2,1459982784223,5,3,5,9,8,7,12,11,10,4,2,1,6,3,5,9,8,7,12,11,10,4,2,1,6,12
0261-2,1459982924702,6,5,1,10,9,7,2,11,12,4,8,6,3,5,1,10,9,7,2,11,12,4,8,6,3,12
8715-c,1459981235526,1,1,6,7,12,3,10,4,5,11,9,8,2,4,6,7,12,3,10,1,5,11,9,8,2,10
8715-c,1459981385808,2,10,8,5,1,11,7,9,4,6,3,2,12,9,8,5,1,11,7,10,4,6,3,2,12,10
8715-c,1459981550164,3,6,9,7,3,5,2,11,4,12,1,8,10,6,9,7,3,5,2,11,4,12,1,8,10,12
8715-c,1459981638236,4,11,6,2,9,8,7,1,3,10,5,4,12,11,6,2,9,8,7,1,3,10,5,4,12,12
8715-c,1459981705472,5,10,6,1,8,4,2,5,7,12,3,11,9,10,6,1,8,4,2,5,7,12,3,11,9,12
8715-c,1459981781972,6,12,2,9,1,5,11,4,10,8,3,7,6,12,2,9,1,5,11,4,10,8,3,7,6,12
0168-f,1459981795100,1,3,12,6,11,8,4,10,5,7,2,9,1,3,9,6,11,8,4,10,5,7,2,12,1,10
0168-f,1459982115384,2,10,12,9,7,4,1,8,5,11,3,6,2,10,6,9,7,4,1,8,5,11,3,12,2,10
0168-f,1459982392791,3,7,12,5,9,4,8,1,11,6,10,2,3,7,2,5,9,4,8,1,11,6,12,10,3,9
0168-f,1459982670554,4,12,3,6,5,9,11,4,10,2,7,8,1,12,8,6,5,9,11,4,10,2,7,3,1,10
0168-f,1459982812049,5,9,3,4,5,11,7,12,2,6,8,10,1,9,10,4,5,11,7,12,2,6,8,1,3,9
0168-f,1459983234435,6,5,9,12,7,11,4,2,8,10,6,3,1,5,3,12,7,11,4,2,8,10,6,9,1,10
0561-5,1459982344258,1,5,1,6,8,3,9,2,10,7,4,12,11,11,5,6,8,3,9,4,10,7,1,12,2,7
0561-5,1459983141522,2,6,4,9,7,11,10,8,1,2,5,3,12,6,8,1,7,11,10,12,9,2,5,4,3,6
0561-5,1459983722390,3,11,5,7,4,10,1,8,12,9,2,3,6,11,7,2,4,10,1,5,12,9,8,3,6,8
0561-5,1459983883589,4,1,2,11,6,10,7,5,4,12,9,8,3,1,11,9,6,10,7,4,5,12,2,8,3,7
0561-5,1459984037562,5,5,9,10,4,3,1,12,11,7,8,6,2,5,10,11,4,3,1,9,12,7,8,6,2,8
0561-5,1459984159005,6,9,10,12,8,1,2,11,6,3,7,5,4,9,12,6,8,1,2,11,10,3,7,5,4,9
3425-5,1459982446360,1,11,8,5,6,3,4,10,2,12,9,1,7,12,8,5,6,3,4,10,11,2,9,1,7,9
3425-5,1459982992091,2,7,9,10,8,1,11,6,4,5,3,12,2,7,9,10,8,1,11,6,4,5,3,12,2,12
3425-5,1459983177346,3,3,4,2,7,1,12,5,11,6,10,9,8,3,4,2,7,1,12,5,11,6,10,9,8,12
3425-5,1459983277077,4,5,2,11,8,4,12,3,6,10,7,1,9,5,2,11,8,4,12,3,6,10,7,1,9,12
3425-5,1459983364018,5,5,10,6,8,12,4,7,2,9,11,3,1,5,10,6,8,12,4,7,2,9,11,3,1,12
3425-5,1459983440894,6,9,1,7,6,3,10,5,4,12,2,11,8,9,1,7,6,3,10,5,4,12,2,11,8,12
3150-8,1459982578578,1,11,9,6,3,2,7,12,5,1,8,4,10,12,10,6,3,2,8,7,5,1,9,4,11,6
3150-8,1459982864187,2,11,2,4,9,5,10,7,8,12,6,1,3,11,2,4,9,5,10,7,6,12,8,3,1,8
3150-8,1459983022299,3,8,12,6,10,11,5,9,1,3,2,4,7,8,12,6,10,11,5,9,1,3,2,4,7,12
3150-8,1459983175492,4,10,6,2,8,9,3,11,1,5,7,12,4,10,6,2,8,9,3,11,1,5,7,12,4,12
3150-8,1459983330877,5,11,4,6,3,1,7,2,8,9,5,10,12,11,4,6,3,1,7,2,8,9,5,10,12,12
3150-8,1459983452205,6,9,12,4,3,5,1,11,8,6,2,7,10,9,12,4,3,5,1,11,8,6,2,7,10,12
2742-0,1459983969111,1,4,9,7,11,5,2,12,6,10,3,8,1,4,9,7,11,5,2,12,6,10,3,8,1,12
2742-0,1459985149382,2,12,3,1,7,6,11,10,9,2,4,8,5,12,8,1,7,6,11,10,9,2,4,3,5,10
2742-0,1459985973377,3,6,3,8,11,7,5,4,12,9,10,2,1,7,2,9,11,8,6,4,12,10,5,3,1,4
2742-0,1459986174231,4,9,8,2,6,7,4,10,3,12,1,11,5,9,8,2,6,7,4,10,3,12,1,5,11,10
2742-0,1459986363495,5,2,12,3,1,6,11,7,5,4,8,10,9,2,5,3,1,6,12,7,11,4,8,9,10,7
2742-0,1459986479990,6,11,4,5,1,7,12,10,6,8,9,3,2,11,6,5,1,7,12,10,3,8,9,2,4,8
9615-a,1459982940714,1,2,7,1,9,3,5,8,12,10,4,11,6,2,7,1,9,3,8,4,11,10,12,6,5,6
9615-a,1459983189175,2,1,2,10,11,8,6,7,12,4,9,5,3,9,2,10,3,8,1,11,12,4,7,5,6,6
9615-a,1459983314114,3,12,10,3,2,11,4,8,7,5,6,9,1,12,6,3,2,11,4,10,9,5,7,1,8,6
9615-a,1459983438489,4,8,2,11,6,3,12,4,9,5,7,10,1,8,2,11,6,3,4,9,1,5,7,10,12,8
9615-a,1459983569925,5,4,8,12,1,3,10,9,11,5,2,6,7,4,5,12,1,3,9,8,6,11,2,7,10,5
9615-a,1459983704760,6,1,7,5,11,6,10,12,2,3,8,4,9,1,7,5,11,6,10,4,2,3,8,9,12,9
9438-2,1459983246380,1,11,5,6,2,3,1,8,9,10,12,7,4,11,8,6,2,3,1,5,9,10,12,7,4,10
9438-2,1459983407203,2,8,9,11,12,1,3,7,6,2,4,5,10,2,7,11,12,1,3,9,6,8,4,5,10,8
9438-2,1459983599048,3,8,10,4,2,6,9,7,5,1,3,11,12,8,7,4,2,6,9,10,5,1,3,11,12,10
9438-2,1459983721717,4,5,12,8,4,11,1,3,6,7,9,10,2,5,3,8,4,11,12,10,6,7,9,2,1,7
9438-2,1459983818494,5,4,12,10,9,11,7,2,3,1,5,8,6,4,2,10,9,11,7,12,3,1,5,8,6,10
9438-2,1459983933520,6,10,6,3,5,11,2,1,12,4,8,7,9,10,1,3,5,11,2,6,12,4,8,7,9,10
0064-7,1459981264502,1,5,2,6,9,4,8,10,11,12,1,3,7,5,2,6,9,4,8,10,11,12,1,3,7,12
0064-7,1459981457004,2,2,5,4,11,10,3,7,6,8,1,12,9,2,5,4,11,10,3,7,6,8,1,12,9,12
0064-7,1459981639152,3,8,12,7,5,1,4,2,6,9,10,3,11,8,12,7,5,1,4,2,6,9,10,3,11,12
0064-7,1459981779981,4,2,11,3,8,9,12,10,1,4,7,5,6,2,11,3,8,9,12,10,1,4,7,5,6,12
0064-7,1459981897228,5,4,6,2,11,8,3,1,5,10,12,9,7,4,6,2,11,8,3,1,5,10,12,9,7,12
0064-7,1459982018663,6,8,12,1,9,2,10,5,7,11,6,3,4,8,12,1,9,2,10,5,7,11,6,3,4,12
2915-f,1459981516552,1,10,1,9,5,2,3,4,7,6,12,11,8,10,1,9,5,2,3,4,7,6,12,11,8,12
2915-f,1459981722099,2,12,6,2,5,10,4,7,3,11,1,9,8,12,6,2,5,10,4,7,3,11,1,9,8,12
2915-f,1459981856988,3,2,3,7,9,5,11,8,4,12,10,6,1,2,3,7,9,5,11,8,4,12,10,6,1,12
2915-f,1459981933979,4,12,1,8,10,5,7,9,4,2,3,6,11,12,1,8,10,5,7,9,4,2,3,6,11,12
2915-f,1459981998995,5,2,5,8,11,10,3,9,12,6,7,1,4,2,5,8,11,10,3,9,12,6,7,1,4,12
2915-f,1459982097219,6,5,8,10,4,2,3,11,9,7,1,6,12,5,8,10,4,2,3,11,9,7,1,6,12,12
4272-e,1459984344115,1,8,11,12,3,2,1,5,4,7,9,10,6,8,11,12,3,2,1,5,4,7,9,10,6,12
4272-e,1459984591162,2,7,4,3,8,12,10,11,1,5,9,6,2,7,4,3,8,12,10,11,1,5,9,6,2,12
4272-e,1459984733078,3,7,2,4,10,6,12,1,3,5,11,9,8,7,2,4,10,6,12,1,3,5,11,9,8,12
4272-e,1459984827694,4,7,2,3,5,4,8,1,9,11,12,10,6,7,2,3,5,4,8,1,9,11,12,10,6,12
4272-e,1459984907461,5,7,9,8,6,3,4,2,1,12,11,5,10,7,9,8,6,3,4,2,1,12,11,5,10,12
4272-e,1459984978292,6,9,5,6,4,10,1,8,11,7,12,2,3,9,5,6,4,10,1,8,11,7,12,2,3,12
0760-a,1459984077279,1,11,8,6,3,1,7,5,2,12,9,4,10,11,1,6,3,10,7,4,12,5,9,2,8,5
0760-a,1459984338760,2,6,1,10,4,2,12,3,7,9,11,8,5,6,1,10,4,2,12,7,8,9,5,11,3,7
0760-a,1459984560282,3,4,6,10,1,3,8,2,12,5,9,11,7,4,6,10,1,3,8,11,5,2,9,12,7,8
0760-a,1459984759858,4,8,3,1,7,12,2,5,4,10,9,6,11,8,3,1,7,12,2,5,6,10,11,9,4,8
0760-a,1459984892979,5,11,5,8,1,7,4,10,6,3,9,12,2,11,5,8,1,10,4,7,2,3,9,12,6,8
0760-a,1459985030757,6,9,11,1,4,6,12,2,3,7,5,8,10,9,6,1,4,2,12,8,3,7,10,5,11,6
2966-7,1459984466689,1,4,7,6,5,12,10,3,2,11,9,8,1,7,6,9,2,4,12,8,11,5,3,10,1,1
2966-7,1459984873585,2,6,2,7,1,8,12,5,9,3,10,11,4,6,5,7,10,8,1,12,2,11,9,3,4,4
2966-7,1459985294185,3,5,3,7,2,1,4,11,8,9,10,6,12,5,3,7,2,1,4,11,10,9,8,6,12,10
2966-7,1459985468830,4,6,5,11,2,12,9,1,10,8,7,4,3,6,5,11,2,12,9,1,7,8,10,4,3,10
2966-7,1459985609903,5,1,9,11,6,12,8,2,10,5,4,3,7,1,9,11,6,12,8,2,10,5,4,7,3,10
2966-7,1459985876324,6,4,1,3,9,6,10,5,2,11,8,12,7,4,1,3,9,6,10,5,2,11,8,12,7,12
3958-1,1459985710207,1,10,3,2,4,6,9,12,8,7,5,1,11,7,3,2,4,12,9,10,8,6,5,1,11,8
3958-1,1459986373202,2,5,9,7,2,6,3,12,4,1,8,11,10,1,9,7,2,12,3,5,4,6,8,11,10,8
3958-1,1459986522031,3,6,10,5,12,7,11,9,1,3,8,4,2,3,10,5,12,4,11,6,1,7,8,9,2,7
3958-1,1459986637859,4,9,4,11,2,1,8,6,10,7,3,12,5,7,10,11,2,4,8,9,6,1,3,12,5,6
3958-1,1459986683542,5,4,2,5,11,8,10,9,7,3,1,12,6,3,10,8,12,5,7,4,6,2,1,11,9,1
3958-1,1459986733850,6,1,4,9,7,5,2,10,12,11,6,8,3,11,8,9,12,7,2,1,10,5,6,4,3,4
5361-f,1459985653317,1,7,2,12,8,1,3,9,6,4,11,5,10,8,2,12,10,1,3,7,9,4,11,6,5,6
5361-f,1459985899638,2,7,2,11,5,1,10,9,12,8,4,3,6,7,9,11,2,1,12,10,4,8,5,3,6,6
5361-f,1459986115552,3,2,10,12,9,4,11,8,1,7,6,3,5,2,8,12,1,4,11,10,6,7,9,5,3,5
5361-f,1459986755654,4,6,3,7,12,1,9,10,2,5,8,4,11,6,2,7,12,1,9,10,8,5,11,3,4,7
5361-f,1459987174556,5,6,12,9,8,11,5,3,7,4,10,1,2,6,2,9,8,11,5,3,10,4,7,12,1,7
5361-f,1459987657329,6,1,9,2,5,8,4,12,3,11,10,7,6,1,9,2,5,8,4,12,10,11,3,7,6,10
4532-0,1459986200828,1,6,2,4,10,5,3,1,7,11,9,12,8,6,5,4,10,8,3,2,7,11,9,1,12,7
4532-0,1459986834540,2,4,8,12,7,5,1,2,3,10,6,9,11,4,8,12,7,5,1,2,3,10,6,9,11,12
4532-0,1459987156563,3,8,6,4,9,12,11,10,2,5,7,3,1,8,6,4,9,12,11,10,2,5,7,3,1,12
4532-0,1459987438752,4,5,8,1,6,9,12,7,11,4,3,2,10,5,8,1,6,9,12,7,11,4,3,2,10,12
4532-0,1459987584884,5,10,8,6,2,4,7,11,9,12,5,1,3,10,8,6,2,4,7,11,9,12,5,1,3,12
4532-0,1459987693610,6,12,7,1,3,2,10,8,5,6,4,9,11,12,7,1,3,2,10,8,5,6,4,9,11,12
6776-3,1459985350826,1,4,8,7,3,6,5,12,1,11,10,2,9,4,9,7,3,10,5,12,1,6,2,8,11,6
6776-3,1459986247682,2,5,8,2,7,3,1,9,4,12,11,10,6,5,8,2,7,3,1,9,4,6,11,10,12,10
6776-3,1459986607801,3,3,7,4,5,1,9,2,8,11,12,10,6,3,7,4,5,11,9,2,8,1,12,10,6,10
6776-3,1459986861128,4,10,12,3,6,8,5,7,1,2,11,9,4,7,12,3,6,2,5,10,1,8,11,9,4,8
6776-3,1459987056741,5,6,1,12,2,3,8,10,9,11,5,4,7,6,1,12,2,11,8,10,9,3,5,4,7,10
6776-3,1459987260055,6,2,10,12,5,11,6,3,8,4,9,7,1,2,10,12,5,4,6,3,8,11,9,7,1,10
3020-e,1459986855070,1,6,5,9,2,10,4,1,3,11,12,7,8,6,5,9,2,10,4,1,3,11,12,7,8,12
3020-e,1459987090808,2,12,2,10,9,3,1,5,6,7,11,4,8,12,2,10,9,3,1,5,6,7,11,4,8,12
3020-e,1459987229186,3,7,5,1,2,6,12,11,8,4,9,3,10,7,5,1,2,6,12,11,8,4,9,3,10,12
3020-e,1459987351736,4,8,3,6,4,9,7,2,5,10,11,1,12,8,3,6,4,9,7,2,5,10,11,1,12,12
3020-e,1459987483597,5,8,2,3,10,6,5,1,4,11,12,9,7,8,2,3,10,6,5,1,4,11,12,9,7,12
3020-e,1459987680713,6,5,1,10,9,11,8,12,7,3,2,6,4,5,1,10,9,11,8,12,7,3,2,6,4,12
7176-e,1459986815315,1,10,4,12,2,11,7,3,8,9,1,6,5,10,4,12,2,11,7,3,6,9,1,8,5,10
7176-e,1459987030461,2,1,11,10,3,7,8,12,9,5,6,2,4,1,11,10,3,7,8,12,9,5,6,2,4,12
7176-e,1459987180415,3,11,9,8,10,3,5,4,1,6,7,2,12,11,9,8,10,3,5,4,1,6,7,2,12,12
7176-e,1459987258405,4,2,9,11,7,8,3,6,1,12,5,10,4,2,9,11,7,8,3,6,1,12,5,10,4,12
7176-e,1459987377332,5,4,12,8,1,10,11,6,3,9,2,5,7,4,12,8,1,10,11,6,3,9,2,5,7,12
7176-e,1459987459010,6,9,8,7,11,10,3,2,1,12,6,4,5,9,8,7,11,10,3,2,1,12,6,4,5,12
3308-d,1459987126142,1,1,5,7,8,6,2,3,12,11,9,4,10,5,6,7,9,4,2,1,12,11,8,3,10,5
3308-d,1459987533065,2,11,10,2,7,9,5,3,8,1,4,6,12,3,10,2,4,9,5,11,6,1,7,8,12,6
3308-d,1459987795886,3,1,4,9,3,12,2,11,5,7,8,6,10,11,12,9,3,4,2,1,6,7,8,5,10,6
3308-d,1459987796179,4,6,4,12,2,8,7,11,1,9,3,10,5,2,8,11,5,6,12,4,9,3,10,1,7,0
3308-d,1459988041126,5,8,12,7,9,11,2,1,4,6,10,3,5,1,11,6,9,12,2,7,3,5,8,4,10,2
3308-d,1459988239927,6,1,11,5,12,8,2,6,9,4,3,10,7,6,8,5,3,11,9,1,10,4,12,2,7,3
4739-3,1459986867356,1,7,9,4,6,5,10,12,1,2,11,3,8,7,5,1,6,4,10,12,9,2,11,3,8,8
4739-3,1459987233277,2,2,5,8,7,1,11,3,4,10,9,12,6,2,1,8,7,3,11,10,9,5,12,4,6,5
4739-3,1459987607562,3,2,12,10,6,11,3,8,7,5,4,1,9,5,10,7,6,11,3,2,12,8,4,1,9,6
4739-3,1459988014931,4,9,1,12,4,3,11,8,5,7,10,6,2,9,1,12,4,8,11,7,3,5,10,6,2,8
4739-3,1459988362317,5,4,8,2,7,12,9,5,10,6,1,3,11,6,4,2,7,12,9,11,10,5,1,8,3,6
4739-3,1459988683678,6,2,12,3,6,5,8,1,7,10,11,4,9,2,1,3,6,5,8,12,7,10,11,4,9,10
0725-d,1459987639390,1,8,10,12,6,11,9,7,2,5,3,1,4,8,2,12,6,11,10,7,9,5,3,1,4,9
0725-d,1459988176891,2,7,11,6,3,9,10,5,12,4,2,8,1,7,5,6,3,9,11,12,10,4,2,8,1,8
0725-d,1459988506926,3,5,8,7,4,9,11,1,12,6,3,10,2,5,1,7,4,9,8,12,11,6,3,10,2,8
0725-d,1459988738436,4,12,1,6,9,10,8,4,2,7,3,5,11,12,4,6,9,10,1,2,8,7,3,5,11,8
0725-d,1459989045974,5,5,9,11,3,6,10,4,12,8,7,2,1,5,4,11,3,6,1,12,10,8,7,2,9,7
0725-d,1459989232109,6,7,6,9,4,5,11,2,3,12,1,8,10,12,2,9,4,5,10,3,11,7,1,8,6,5
3017-0,1459987326065,1,8,12,7,1,10,3,11,2,4,6,5,9,8,12,7,1,10,3,11,2,4,6,5,9,12
3017-0,1459987686293,2,8,4,9,2,11,6,7,12,3,10,5,1,8,4,9,2,11,6,7,12,3,10,5,1,12
3017-0,1459987889643,3,7,3,12,2,4,6,9,5,10,1,11,8,8,4,3,2,5,7,10,6,11,1,12,9,2
3017-0,1459988139711,4,4,12,9,6,3,7,2,10,11,5,8,1,4,12,9,6,3,7,2,10,11,5,8,1,12
3017-0,1459988327928,5,10,12,2,3,5,4,1,11,7,9,8,6,10,12,2,3,5,4,1,11,7,9,8,6,12
3017-0,1459988499035,6,8,5,1,4,11,7,6,9,3,12,2,10,8,5,1,4,11,7,6,9,3,12,2,10,12
1503-c,1459987458393,1,2,10,9,7,5,1,12,11,8,6,4,3,2,3,9,7,4,5,12,11,8,6,10,1,7
1503-c,1459988548474,2,9,11,7,8,10,1,6,5,12,4,2,3,9,2,7,5,10,1,6,11,12,4,8,3,8
1503-c,1459990927436,3,4,5,12,11,10,3,2,8,1,9,6,7,4,5,12,11,10,3,2,8,1,9,6,7,12
1503-c,1459991173273,4,8,4,2,9,1,12,5,3,7,6,10,11,8,4,2,9,1,12,5,3,7,6,10,11,12
1503-c,1459991310569,5,11,8,7,4,5,10,2,12,6,1,3,9,11,8,7,4,5,10,2,12,6,1,3,9,12
1503-c,1459991426573,6,1,7,6,10,8,12,3,11,4,9,2,5,1,7,6,10,8,12,3,11,4,9,2,5,12
4871-5,1459987375943,1,7,5,12,6,10,1,9,3,2,11,8,4,7,5,12,6,10,8,3,1,2,11,9,4,8
4871-5,1459988296629,2,10,5,8,1,12,7,9,4,2,6,3,11,10,5,8,1,12,7,9,4,2,6,3,11,12
4871-5,1459988581822,3,11,4,3,12,9,5,6,10,8,7,2,1,11,4,3,12,9,5,6,10,8,7,2,1,12
4871-5,1459988727392,4,8,2,11,1,9,10,12,4,3,6,7,5,8,2,11,1,9,10,12,4,3,6,7,5,12
4871-5,1459988895757,5,3,11,10,4,12,8,5,2,1,6,9,7,3,11,10,4,12,8,5,2,1,6,9,7,12
4871-5,1459989010322,6,8,12,3,11,9,4,10,2,5,7,1,6,8,1,3,11,9,4,10,2,5,7,12,6,10
4140-2,1459987631602,1,4,10,12,1,3,9,7,11,5,8,2,6,6,10,12,1,3,9,4,11,5,7,8,2,7
4140-2,1459988175122,2,11,7,9,3,5,2,4,1,12,6,10,8,8,4,9,3,5,11,2,7,12,6,1,10,5
4140-2,1459988515004,3,6,1,2,11,9,7,10,12,3,4,8,5,5,1,2,11,9,10,8,7,3,4,6,12,6
4140-2,1459988737807,4,6,11,2,3,4,7,9,12,5,8,1,10,5,11,2,3,9,7,6,4,10,8,12,1,5
4140-2,1459988940255,5,10,3,9,1,2,7,6,11,12,5,4,8,10,6,9,1,2,7,3,4,12,5,11,8,8
4140-2,1459989120230,6,6,10,7,8,9,11,2,1,3,4,5,12,6,2,7,8,10,11,9,12,3,4,1,5,6
3334-3,1459987712086,1,11,3,1,9,4,7,5,2,10,8,6,12,11,3,1,9,4,7,5,2,10,8,6,12,12
3334-3,1459988262618,2,2,4,1,3,7,5,6,12,9,8,10,11,2,4,1,3,7,5,6,12,9,8,10,11,12
3334-3,1459988813168,3,4,1,12,3,8,5,6,2,11,10,7,9,4,1,12,3,8,5,6,2,11,10,7,9,12
3334-3,1459989214825,4,8,1,2,3,12,5,4,9,10,11,7,6,8,1,2,3,12,5,4,9,10,11,7,6,12
3334-3,1459989685146,5,8,10,7,6,11,1,4,9,3,2,5,12,8,10,7,6,11,1,4,9,3,2,5,12,12
3334-3,1459990141827,6,5,4,12,9,10,2,3,6,11,1,7,8,5,4,12,9,10,2,3,6,11,1,7,8,12
6844-1,1459985496036,1,1,8,3,9,4,7,2,10,12,5,6,11,1,8,3,9,4,7,2,10,12,5,11,6,10
6844-1,1459986435497,2,10,11,4,1,2,8,7,9,3,5,6,12,10,12,4,1,2,8,7,9,3,5,11,6,9
6844-1,1459987163978,3,6,4,5,10,3,8,11,1,9,7,12,2,6,4,5,10,3,8,12,1,9,7,2,11,9
6844-1,1459987822122,4,9,10,6,11,7,1,12,8,2,4,5,3,9,10,6,11,7,1,12,8,2,4,5,3,12
6844-1,1459988242017,5,2,5,10,6,8,7,1,9,4,11,3,12,2,3,10,6,8,7,1,9,4,11,5,12,10
6844-1,1459988496375,6,6,3,11,7,5,2,1,9,10,8,4,12,6,4,11,7,5,2,1,9,10,8,3,12,10
1957-1,1459988829550,1,7,6,8,5,10,9,3,11,12,1,4,2,7,6,8,5,10,9,3,11,12,1,4,2,12
1957-1,1459989310549,2,6,2,3,1,9,5,10,4,12,11,7,8,6,2,3,1,9,5,10,4,12,11,7,8,12
1957-1,1459989569113,3,2,12,9,5,11,6,3,8,1,10,7,4,2,12,9,5,11,6,3,8,1,10,7,4,12
1957-1,1459989721580,4,7,4,10,6,11,12,2,8,9,5,1,3,7,4,10,6,11,12,2,8,9,5,1,3,12
1957-1,1459989854356,5,3,2,10,8,7,6,9,1,12,5,11,4,3,2,10,8,7,6,9,1,12,5,11,4,12
1957-1,1459989974322,6,4,8,11,1,3,9,7,6,12,5,2,10,4,8,11,1,3,9,7,6,12,5,2,10,12
4418-6,1459985223580,1,6,11,2,1,8,3,10,12,9,4,7,5,6,11,2,1,8,12,10,3,9,4,7,5,10
4418-6,1459985866631,2,3,8,10,1,9,6,2,11,5,7,12,4,3,8,10,1,9,6,2,11,5,7,12,4,12
4418-6,1459986364904,3,6,10,11,8,4,12,9,7,2,3,1,5,6,10,11,8,4,12,9,7,2,3,1,5,12
4418-6,1459986657831,4,3,10,12,11,8,9,7,6,2,5,1,4,3,10,12,11,8,9,7,6,2,5,1,4,12
4418-6,1459986875278,5,8,12,2,4,5,7,10,1,6,11,3,9,8,12,2,4,5,7,10,1,6,11,3,9,12
4418-6,1459987152376,6,2,12,8,6,1,10,3,11,9,5,7,4,2,12,8,6,1,10,3,11,9,5,7,4,12
1796-8,1459984611005,1,10,5,8,3,4,11,1,6,12,7,2,9,10,5,8,3,4,11,1,6,12,7,2,9,12
1796-8,1459984809600,2,4,12,9,6,7,8,2,3,1,5,10,11,4,12,9,5,7,8,2,3,1,6,10,11,10
1796-8,1459985036612,3,12,4,9,11,8,1,5,3,2,7,10,6,12,4,9,11,8,1,5,3,2,7,10,6,12
1796-8,1459985198328,4,2,7,9,3,4,12,11,8,10,1,6,5,2,7,9,3,4,12,11,8,10,1,6,5,12
1796-8,1459985340274,5,9,10,6,12,7,1,2,8,11,4,5,3,9,10,6,12,7,1,2,8,11,4,5,3,12
1796-8,1459985484038,6,5,4,7,6,3,2,9,12,8,11,1,10,5,4,7,6,3,2,9,12,8,11,1,10,12
2631-d,1459988969469,1,10,3,9,4,2,6,5,1,12,7,11,8,10,3,9,4,2,6,5,1,12,7,11,8,12
2631-d,1459989509702,2,9,7,11,10,4,3,2,6,12,8,1,5,9,7,11,10,4,3,2,6,12,8,1,5,12
2631-d,1459989768048,3,4,9,1,7,12,2,8,11,6,10,5,3,4,9,1,7,12,2,8,11,6,10,5,3,12
2631-d,1459989990346,4,6,4,8,1,12,11,2,10,3,5,7,9,6,4,8,1,12,11,2,10,3,5,7,9,12
2631-d,1459990186874,5,11,4,3,10,12,9,7,6,1,8,5,2,11,4,3,10,12,9,7,6,1,8,5,2,12
2631-d,1459990408313,6,6,3,9,4,5,1,2,11,12,10,8,7,6,3,9,4,5,1,2,11,12,10,8,7,12
0390-8,1459990200531,1,7,2,12,10,11,4,9,6,3,5,1,8,7,2,12,10,11,4,9,6,3,5,1,8,12
0390-8,1459990929050,2,4,9,12,10,11,1,8,5,2,6,7,3,4,9,12,10,11,1,8,5,2,6,7,3,12
0390-8,1459991148436,3,2,9,1,10,5,12,11,3,6,4,8,7,2,9,1,10,5,12,11,3,6,4,8,7,12
0390-8,1459991337092,4,11,10,7,5,2,3,8,12,4,6,1,9,11,10,7,5,2,3,8,12,4,6,1,9,12
0390-8,1459991600066,5,7,11,6,2,8,5,9,1,3,4,12,10,7,11,6,2,8,5,9,1,3,4,12,10,12
0390-8,1459991777514,6,7,12,8,4,10,3,9,5,6,11,1,2,7,12,8,4,10,3,9,5,6,11,1,2,12
5819-d,1459988969920,1,9,10,3,7,12,2,8,11,1,5,6,4,9,10,3,7,12,2,11,5,1,8,6,4,9
5819-d,1459989528400,2,4,10,9,11,3,2,7,6,1,8,5,12,4,10,9,11,3,2,7,6,1,8,5,12,12
5819-d,1459989729749,3,5,12,4,11,7,10,8,3,6,1,2,9,5,12,4,11,7,10,8,3,6,1,2,9,12
5819-d,1459989915204,4,2,10,12,3,1,9,8,7,4,11,6,5,2,10,12,3,1,9,8,7,4,11,6,5,12
5819-d,1459990054492,5,11,9,10,1,12,5,8,3,6,2,7,4,11,9,10,1,12,5,8,3,6,2,7,4,12
5819-d,1459990228031,6,1,12,2,8,5,11,10,9,6,4,7,3,1,12,2,8,5,11,10,9,6,4,7,3,12
6425-8,1459988798034,1,10,6,5,3,7,1,8,9,2,12,4,11,10,8,5,3,7,1,6,9,2,12,4,11,10
6425-8,1459989162386,2,5,1,6,12,4,9,3,11,7,10,8,2,5,3,6,12,4,9,1,11,7,10,8,2,10
6425-8,1459989517686,3,1,7,11,4,3,6,10,5,8,2,12,9,1,10,11,4,3,6,2,5,8,7,12,9,9
6425-8,1459989784771,4,4,11,9,7,2,6,12,5,8,3,10,1,4,11,9,7,2,6,12,5,8,3,10,1,12
6425-8,1459989999718,5,7,9,10,3,5,11,6,8,1,2,12,4,7,9,10,3,5,11,6,8,1,2,12,4,12
6425-8,1459990201116,6,5,6,9,10,8,11,3,4,1,7,12,2,5,6,9,10,8,11,3,4,1,7,12,2,12
6119-7,1459989137775,1,5,3,1,2,12,9,11,10,7,6,8,4,5,3,1,2,12,9,6,10,7,11,8,4,10
6119-7,1459989595097,2,1,3,12,8,4,2,10,11,7,6,5,9,1,3,12,8,4,2,10,11,7,6,5,9,12
6119-7,1459989859083,3,11,6,5,4,12,10,1,7,2,8,9,3,11,6,5,4,12,10,1,7,2,8,9,3,12
6119-7,1459990031193,4,4,11,9,3,5,6,8,2,10,7,12,1,4,11,9,3,5,6,8,2,10,7,12,1,12
6119-7,1459990229949,5,8,11,10,9,4,6,12,2,1,5,3,7,8,11,10,9,4,6,12,2,1,5,3,7,12
6119-7,1459990392217,6,1,5,12,4,3,7,10,2,9,6,8,11,1,5,12,4,3,7,10,2,9,6,8,11,12
3144-2,1459989416818,1,9,11,7,6,5,12,1,10,8,2,4,3,9,11,7,6,5,12,1,10,8,2,4,3,12
3144-2,1459989822564,2,12,7,3,11,4,10,2,1,5,9,8,6,12,7,3,11,4,10,2,1,5,9,8,6,12
3144-2,1459989972029,3,6,11,1,10,3,8,7,4,12,2,9,5,6,11,1,10,3,8,7,4,12,2,9,5,12
3144-2,1459990048220,4,6,9,1,2,5,7,11,4,10,12,3,8,6,9,1,2,5,7,11,4,10,12,3,8,12
3144-2,1459990148014,5,9,5,4,3,6,7,11,1,2,10,12,8,9,5,4,3,6,7,11,1,2,10,8,12,10
3144-2,1459990334136,6,5,10,2,9,7,12,11,8,3,1,6,4,5,10,2,9,7,12,11,8,3,1,6,4,12
1408-c,1459989173503,1,3,8,2,7,11,9,5,12,10,6,4,1,3,2,8,7,11,12,5,9,10,6,4,1,8
1408-c,1459989850316,2,7,8,1,9,10,6,2,11,12,4,3,5,7,8,1,9,10,11,2,6,12,4,3,5,10
1408-c,1459990784688,3,2,7,12,3,4,11,5,9,6,8,1,10,2,7,12,3,4,11,5,9,6,8,1,10,12
1408-c,1459991131695,4,9,5,12,7,8,4,11,10,2,1,6,3,9,5,12,7,8,4,11,10,3,1,6,2,10
1408-c,1459991420274,5,9,11,6,8,12,2,1,4,7,3,10,5,9,11,6,8,12,2,1,4,7,3,10,5,12
1408-c,1459991683427,6,3,4,7,11,5,10,1,12,6,8,9,2,3,4,7,11,5,10,1,12,6,8,9,2,12
7049-4,1459990781301,1,4,10,7,12,3,5,9,8,6,1,2,11,4,10,7,12,3,5,9,8,6,1,2,11,12
7049-4,1459991222498,2,7,11,10,3,9,12,4,8,5,2,1,6,7,11,10,3,9,12,4,8,5,2,1,6,12
7049-4,1459991452491,3,5,12,4,10,3,7,6,9,2,1,8,11,5,12,4,10,3,7,6,9,2,1,8,11,12
7049-4,1459991587344,4,5,9,11,6,8,2,3,4,1,7,10,12,5,9,11,6,8,2,3,4,1,7,10,12,12
7049-4,1459991669568,5,12,3,9,10,8,6,7,4,5,2,1,11,12,3,9,10,8,6,7,4,5,2,1,11,12
7049-4,1459991826434,6,4,10,7,2,11,1,6,12,5,8,3,9,4,10,7,2,11,1,6,12,5,8,3,9,12
1659-5,1459990423359,1,2,8,7,5,3,1,11,12,9,6,10,4,2,8,7,5,3,1,11,12,9,6,10,4,12
1659-5,1459990728787,2,3,11,12,5,1,8,9,4,6,10,7,2,3,11,12,5,1,8,9,4,6,10,7,2,12
1659-5,1459990990403,3,7,9,6,11,2,10,12,8,3,1,5,4,7,9,6,11,2,10,12,8,3,1,5,4,12
1659-5,1459991163191,4,4,2,11,9,5,1,7,8,3,12,10,6,4,2,11,9,5,1,7,8,3,12,10,6,12
1659-5,1459991277135,5,12,8,11,2,4,10,1,5,3,9,7,6,12,8,11,2,4,10,1,5,3,9,7,6,12
1659-5,1459991387422,6,5,2,12,11,7,8,4,3,6,10,1,9,5,2,12,11,7,8,4,3,6,10,1,9,12
1229-a,1459991197937,1,9,8,2,10,1,4,5,11,6,12,3,7,9,8,2,10,1,4,5,11,6,12,3,7,12
1229-a,1459991908927,2,12,8,2,9,1,5,3,7,10,4,11,6,12,8,2,9,1,5,3,7,10,4,11,6,12
1229-a,1459992185752,3,12,8,6,2,3,1,9,7,11,5,10,4,12,8,6,2,3,1,9,7,11,5,10,4,12
1229-a,1459992360501,4,11,4,12,10,2,3,1,7,5,6,9,8,11,4,12,10,2,3,1,7,5,6,9,8,12
1229-a,1459992449589,5,6,8,1,7,10,3,9,2,11,12,4,5,6,8,1,7,10,3,9,2,11,12,4,5,12
1229-a,1459992532209,6,2,11,9,1,12,6,10,3,8,5,4,7,2,11,9,1,12,6,10,3,8,5,4,7,12
8330-6,1459990686158,1,7,8,9,12,11,3,10,6,2,4,5,1,7,8,9,12,11,3,2,6,10,4,5,1,10
8330-6,1459991404029,2,1,12,9,8,5,4,7,6,11,10,3,2,1,12,9,8,5,4,7,6,11,10,3,2,12
8330-6,1459991627088,3,9,7,6,4,8,1,5,3,11,10,12,2,9,7,6,4,8,1,5,3,11,10,12,2,12
8330-6,1459991785269,4,2,5,3,7,9,11,6,8,10,12,1,4,2,5,3,7,9,11,6,8,10,12,1,4,12
8330-6,1459991890666,5,2,8,6,5,10,1,11,9,12,3,7,4,2,8,6,5,10,1,11,9,12,3,7,4,12
8330-6,1459991995784,6,1,8,9,3,11,10,6,7,12,5,2,4,1,8,9,3,11,10,6,7,12,5,2,4,12
7539-9,1459990480217,1,1,4,5,2,11,10,3,9,7,8,12,6,5,4,9,2,11,10,3,7,1,8,12,6,8
7539-9,1459991454898,2,9,3,4,5,2,6,10,12,8,7,11,1,9,3,4,5,10,6,2,12,8,7,11,1,10
7539-9,1459991873092,3,7,10,3,12,6,2,1,9,11,8,4,5,7,10,3,12,1,2,11,9,6,8,4,5,9
7539-9,1459992277577,4,9,3,11,8,4,7,10,6,5,1,2,12,9,3,11,8,10,7,4,6,5,1,2,12,10
7539-9,1459992625843,5,11,8,4,10,9,7,2,5,3,12,6,1,11,8,4,10,2,7,9,5,3,12,6,1,10
7539-9,1459992897450,6,8,2,7,6,3,1,5,9,11,12,10,4,8,2,7,6,5,1,3,9,11,12,10,4,10
0119-1,1459990748562,1,2,7,9,6,1,4,10,8,12,11,3,5,2,7,9,6,1,4,10,8,12,11,3,5,12
0119-1,1459991068140,2,8,7,1,3,12,4,11,2,6,10,5,9,8,7,1,3,12,4,11,2,6,10,5,9,12
0119-1,1459991252554,3,4,2,1,6,10,12,5,7,3,9,11,8,4,2,1,6,10,12,5,7,3,9,11,8,12
0119-1,1459991437905,4,3,2,7,8,12,1,10,4,11,9,6,5,3,2,7,8,12,1,10,4,11,9,6,5,12
0119-1,1459991579689,5,11,1,7,4,8,3,6,12,5,9,10,2,11,1,7,4,8,3,6,12,5,9,10,2,12
0119-1,1459991742667,6,11,6,9,3,12,1,2,7,10,4,5,8,11,6,9,3,12,1,2,7,10,4,5,8,12
2148-d,1459990889222,1,12,4,2,10,3,7,11,5,8,6,1,9,12,4,2,10,3,7,11,5,8,6,9,1,10
2148-d,1459990967376,2,6,10,4,9,12,11,2,1,8,3,7,5,6,10,4,9,12,11,2,1,8,3,5,7,10
2148-d,1459991037206,3,10,6,9,11,4,7,8,12,2,1,3,5,10,6,9,11,4,7,8,12,2,1,5,3,10
2148-d,1459991140080,4,8,4,3,5,6,7,10,11,1,2,12,9,8,4,3,5,6,7,10,11,1,2,9,12,10
2148-d,1459991205099,5,1,8,5,2,11,3,6,7,4,9,10,12,1,8,5,2,11,3,6,7,4,9,12,10,10
2148-d,1459991310924,6,10,12,9,1,8,2,5,4,7,11,3,6,10,12,9,1,8,2,5,4,7,11,6,3,10
3250-2,1459991414715,1,8,2,10,3,1,7,11,9,4,6,12,5,8,2,10,3,1,7,11,12,4,6,9,5,10
3250-2,1459991750193,2,6,8,4,12,9,11,7,1,3,2,10,5,7,8,4,12,9,11,6,10,3,2,5,1,7
3250-2,1459992026940,3,9,11,10,1,7,5,6,12,2,4,8,3,9,11,10,1,7,5,6,8,2,4,3,12,9
3250-2,1459992244119,4,4,2,10,3,6,12,8,5,9,11,7,1,4,2,10,3,6,12,8,7,9,11,5,1,10
3250-2,1459992371763,5,10,7,3,5,4,9,6,2,12,8,11,1,10,7,3,5,4,9,6,11,12,8,1,2,9
3250-2,1459992472079,6,7,6,12,1,8,2,5,9,11,3,10,4,7,6,12,1,8,2,5,10,11,3,4,9,9
1613-e,1459992648890,1,9,6,8,11,2,3,4,5,7,12,10,1,9,6,8,11,2,3,1,5,7,10,12,4,8
1613-e,1459992716160,2,1,2,9,5,3,10,7,8,6,11,4,12,10,2,9,5,3,12,4,7,6,1,8,11,5
1613-e,1459992790774,3,7,3,9,2,10,1,5,4,11,8,6,12,8,3,9,2,10,7,12,1,11,5,4,6,5
1613-e,1459992859752,4,2,10,11,1,6,12,8,3,9,7,4,5,8,10,11,1,6,2,12,4,9,7,3,5,7
1613-e,1459992911430,5,6,12,5,7,1,3,2,11,10,4,9,8,2,12,5,7,1,9,8,6,10,4,3,11,6
1613-e,1459992990624,6,2,11,3,10,8,4,12,9,7,5,1,6,12,11,3,10,8,1,4,5,7,9,6,2,5
8110-8,1459993618208,1,7,9,10,5,11,6,8,1,3,4,2,12,7,9,10,5,11,6,8,1,3,4,2,12,12
8110-8,1459993959651,2,4,7,1,10,3,5,9,8,12,6,11,2,4,7,1,10,3,5,9,8,12,6,11,2,12
8110-8,1459994180558,3,10,3,1,8,4,2,5,6,11,9,12,7,10,3,1,8,4,2,5,6,11,9,12,7,12
8110-8,1459994311887,4,3,2,1,5,4,8,9,7,6,10,12,11,3,2,1,5,4,8,9,7,6,10,12,11,12
8110-8,1459994423895,5,4,10,2,5,9,3,7,8,6,11,12,1,4,10,2,5,9,3,7,8,6,11,12,1,12
8110-8,1459994526364,6,5,6,9,3,7,12,4,8,1,2,11,10,5,6,9,3,7,12,4,8,1,2,11,10,12
3461-3,1459993143099,1,3,5,12,8,6,10,2,9,11,4,7,1,5,4,8,2,1,11,9,3,6,10,12,7,0
3461-3,1459993772924,2,5,8,11,1,2,7,4,3,6,12,9,10,10,8,7,1,2,9,4,6,12,5,11,3,4
3461-3,1459993935576,3,11,8,10,3,12,2,1,9,4,7,5,6,4,12,10,9,6,2,1,7,11,8,5,3,4
3461-3,1459994032264,4,10,5,4,8,6,11,3,9,1,2,7,12,10,6,8,1,2,11,3,9,12,7,4,5,4
3461-3,1459994212401,5,7,1,6,9,4,12,2,5,8,10,3,11,7,1,6,12,4,2,3,5,10,11,9,8,5
3461-3,1459994300975,6,10,7,5,6,2,9,8,11,4,3,12,1,7,10,5,6,2,4,8,3,12,11,1,9,4
9781-c,1459995727505,1,10,5,12,3,11,2,1,9,8,4,6,7,10,5,12,3,6,2,11,9,8,4,1,7,9
9781-c,1459995980981,2,8,3,12,4,6,9,2,10,7,5,11,1,8,3,12,4,6,9,1,10,7,5,2,11,9
9781-c,1459996190205,3,6,7,5,11,10,9,3,4,2,8,1,12,6,7,5,11,10,9,3,4,2,8,1,12,12
9781-c,1459996304970,4,11,4,7,12,9,10,1,5,2,8,6,3,11,4,7,12,9,10,1,5,2,8,6,3,12
9781-c,1459996389397,5,10,1,8,2,7,4,11,6,5,12,9,3,10,1,8,2,7,4,11,6,5,12,9,3,12
9781-c,1459996463547,6,11,3,7,1,2,5,8,4,9,6,10,12,11,3,7,1,2,5,8,4,9,6,10,12,12
8027-8,1459996344221,1,12,3,10,1,11,7,5,8,2,6,4,9,12,3,10,1,11,7,5,8,2,6,4,9,12
8027-8,1459996791664,2,7,9,8,10,12,11,4,5,2,6,1,3,7,9,8,10,12,11,4,5,2,6,1,3,12
8027-8,1459997147392,3,5,10,12,1,3,6,7,4,11,8,2,9,5,10,12,1,3,6,7,4,11,8,2,9,12
8027-8,1459997149305,4,6,1,10,7,5,2,11,9,3,12,8,4,4,7,6,12,10,8,2,1,9,3,11,5,0
8027-8,1459997445676,5,7,6,8,1,3,2,10,9,5,4,12,11,7,6,8,1,3,2,10,9,5,4,12,11,12
8027-8,1459997710266,6,5,11,7,3,8,2,6,4,9,10,12,1,5,11,7,3,8,2,6,4,9,10,12,1,12
0774-4,1459997322811,1,11,10,5,2,4,12,6,9,7,8,1,3,11,10,5,2,4,12,6,9,7,3,1,8,10
0774-4,1459998775425,2,7,2,8,3,11,5,12,4,1,6,10,9,7,2,8,3,11,5,12,4,1,6,10,9,12
0774-4,1459999074959,3,1,8,10,5,7,12,11,2,3,9,6,4,1,8,10,5,7,12,11,2,3,9,6,4,12
0774-4,1459999279143,4,10,2,6,11,3,12,1,5,8,9,7,4,10,2,6,11,3,12,1,5,8,9,7,4,12
0774-4,1459999472155,5,9,11,10,1,7,5,6,3,2,12,8,4,9,11,10,1,7,5,6,3,2,12,8,4,12
0774-4,1459999663981,6,11,8,6,5,2,4,7,10,1,12,3,9,11,8,6,5,2,4,7,10,1,12,3,9,12
6836-2,1459998444622,1,5,4,2,10,12,6,11,9,1,8,3,7,5,4,2,10,12,11,6,9,1,8,3,7,10
6836-2,1459998817529,2,6,9,2,1,10,11,3,5,4,7,12,8,5,3,2,1,10,11,8,6,4,7,12,9,7
6836-2,1459999095847,3,12,9,11,7,8,4,10,2,1,6,5,3,12,9,11,7,8,10,4,2,1,6,5,3,10
6836-2,1459999336176,4,7,10,11,12,4,5,6,8,9,3,1,2,7,10,11,12,4,6,5,8,9,3,1,2,10
6836-2,1459999336391,5,9,7,11,3,10,12,4,2,5,6,1,8,1,2,9,6,4,3,8,10,12,11,5,7,0
6836-2,1459999608231,6,12,2,3,5,1,4,7,8,9,6,11,10,12,2,3,5,1,7,4,8,9,6,11,10,10
